AssetID,PriceDate,DailyReturn
1,2023-09-01,NULL
1,2023-09-05,0.126676
1,2023-09-06,-3.579336
1,2023-09-07,-2.924936
1,2023-09-08,0.349178
1,2023-09-11,0.662252
1,2023-09-12,-1.706066
1,2023-09-13,-1.185479
1,2023-09-14,0.878250
1,2023-09-15,-0.415386
1,2023-09-18,1.691332
1,2023-09-19,0.618082
1,2023-09-20,-1.999218
1,2023-09-21,-0.888940
1,2023-09-22,0.494452
1,2023-09-25,0.738028
1,2023-09-26,-2.339846
1,2023-09-27,-0.889742
1,2023-09-28,0.152555
1,2023-09-29,0.304646
1,2023-10-02,1.483558
1,2023-10-03,-0.776978
1,2023-10-04,0.730858
1,2023-10-05,0.719797
1,2023-10-06,1.475044
1,2023-10-09,0.845118
1,2023-10-10,-0.335214
1,2023-10-11,0.790403
1,2023-10-12,0.506118
1,2023-10-13,-1.029273
1,2023-10-16,-0.072687
1,2023-10-17,-0.878469
1,2023-10-18,-0.739486
1,2023-10-19,-0.216106
1,2023-10-20,-1.470421
1,2023-10-23,0.069412
1,2023-10-24,0.254335
1,2023-10-25,-1.349170
1,2023-10-26,-2.460549
1,2023-10-27,0.796932
1,2023-10-30,1.230531
1,2023-10-31,0.281872
1,2023-11-01,1.873865
1,2023-11-02,2.069322
1,2023-11-03,-0.518106
1,2023-11-06,1.460515
1,2023-11-07,1.445071
1,2023-11-08,0.588494
1,2023-11-09,-0.262453
1,2023-11-10,2.187380
1,2023-11-13,-0.858369
1,2023-11-14,1.428571
1,2023-11-15,0.304097
1,2023-11-16,0.904207
1,2023-11-17,-0.010542
1,2023-11-20,0.927830
1,2023-11-21,-0.423087
1,2023-11-22,0.351448
1,2023-11-24,-0.700434
1,2023-11-27,-0.094752
1,2023-11-28,0.321408
1,2023-11-29,-0.540966
1,2023-11-30,0.306279
1,2023-12-01,0.679126
1,2023-12-04,-0.946455
1,2023-12-05,2.106319
1,2023-12-06,-0.568711
1,2023-12-07,1.013935
1,2023-12-08,0.741236
1,2023-12-11,-1.292729
1,2023-12-12,0.792007
1,2023-12-13,1.669149
1,2023-12-14,0.075773
1,2023-12-15,-0.272576
1,2023-12-18,-0.850332
1,2023-12-19,0.536015
1,2023-12-20,-1.071392
1,2023-12-21,-0.076990
1,2023-12-22,-0.554757
1,2023-12-26,-0.284091
1,2023-12-27,0.051800
1,2023-12-28,0.222625
1,2023-12-29,-0.542411
1,2024-01-02,-3.578663
1,2024-01-03,-0.748761
1,2024-01-04,-1.270014
1,2024-01-05,-0.401297
1,2024-01-08,2.417485
1,2024-01-09,-0.226342
1,2024-01-10,0.567138
1,2024-01-11,-0.322251
1,2024-01-12,0.177811
1,2024-01-16,-1.231713
1,2024-01-17,-0.517345
1,2024-01-18,3.257062
1,2024-01-19,1.553305
1,2024-01-22,1.216329
1,2024-01-23,0.665326
1,2024-01-24,-0.348396
1,2024-01-25,-0.169666
1,2024-01-26,-0.901272
1,2024-01-29,-0.358591
1,2024-01-30,-1.924581
1,2024-01-31,-1.935758
1,2024-02-01,1.334056
1,2024-02-02,-0.540512
1,2024-02-05,0.984665
1,2024-02-06,0.863171
1,2024-02-07,0.058109
1,2024-02-08,-0.575471
1,2024-02-09,0.281436
1,2024-02-12,-0.900185
1,2024-02-13,-1.127438
1,2024-02-14,-0.480977
1,2024-02-15,-0.157480
1,2024-02-16,-0.843033
1,2024-02-20,-0.411387
1,2024-02-21,0.418594
1,2024-02-22,1.124397
1,2024-02-23,-1.003417
1,2024-02-26,-0.745124
1,2024-02-27,0.811437
1,2024-02-28,-0.662542
1,2024-02-29,-0.369309
1,2024-03-01,-0.603043
1,2024-03-04,-2.538128
1,2024-03-05,-2.844089
1,2024-03-06,-0.587820
1,2024-03-07,-0.070956
1,2024-03-08,1.023669
1,2024-03-11,1.183155
1,2024-03-12,0.277858
1,2024-03-13,-1.212261
1,2024-03-14,1.092737
1,2024-03-15,-0.219653
1,2024-03-18,0.637238
1,2024-03-19,1.358508
1,2024-03-20,1.470922
1,2024-03-21,-4.085745
1,2024-03-22,0.531015
1,2024-03-25,-0.830044
1,2024-03-26,-0.667252
1,2024-03-27,2.121266
1,2024-03-28,-1.055911
1,2024-04-01,-0.845580
1,2024-04-02,-0.699876
1,2024-04-03,0.479744
1,2024-04-04,-0.489243
1,2024-04-05,0.450184
1,2024-04-08,-0.666352
1,2024-04-09,0.724251
1,2024-04-10,-1.113927
1,2024-04-11,4.327095
1,2024-04-12,0.862660
1,2024-04-15,-2.186349
1,2024-04-16,-1.916729
1,2024-04-17,-0.814736
1,2024-04-18,-0.571429
1,2024-04-19,-1.221264
1,2024-04-22,0.509091
1,2024-04-23,0.639170
1,2024-04-24,1.270222
1,2024-04-25,0.514732
1,2024-04-26,-0.347284
1,2024-04-29,2.480803
1,2024-04-30,-1.827089
1,2024-05-01,-0.604709
1,2024-05-02,2.203190
1,2024-05-03,5.981622
1,2024-05-06,-0.910677
1,2024-05-07,0.379726
1,2024-05-08,0.186404
1,2024-05-09,1.001423
1,2024-05-10,-0.823536
1,2024-05-13,1.764545
1,2024-05-14,0.617350
1,2024-05-15,1.221789
1,2024-05-16,0.063251
1,2024-05-17,0.015803
1,2024-05-20,0.616211
1,2024-05-21,0.685720
1,2024-05-22,-0.753834
1,2024-05-23,-2.105815
1,2024-05-24,1.658818
1,2024-05-28,0.005264
1,2024-05-29,0.157903
1,2024-05-30,0.525514
1,2024-05-31,0.501856
1,2024-06-03,0.925878
1,2024-06-04,0.164923
1,2024-06-05,0.782094
1,2024-06-06,-0.709654
1,2024-06-07,1.239202
1,2024-06-10,-1.914775
1,2024-06-11,7.264913
1,2024-06-12,2.857832
1,2024-06-13,0.549115
1,2024-06-14,-0.816841
1,2024-06-17,1.967151
1,2024-06-18,-1.098445
1,2024-06-20,-2.151290
1,2024-06-21,-1.044449
1,2024-06-24,0.313268
1,2024-06-25,0.446815
1,2024-06-26,1.999330
1,2024-06-27,0.398593
1,2024-06-28,-1.625409
1,2024-07-01,2.910455
1,2024-07-02,1.623991
1,2024-07-03,0.581105
1,2024-07-05,2.162040
1,2024-07-08,0.653884
1,2024-07-09,0.377491
1,2024-07-10,1.880357
1,2024-07-11,-2.322088
1,2024-07-12,1.305093
1,2024-07-15,1.674330
1,2024-07-16,0.179181
1,2024-07-17,-2.529597
1,2024-07-18,-2.053478
1,2024-07-19,0.057989
1,2024-07-22,-0.156034
1,2024-07-23,0.468834
1,2024-07-24,-2.875428
1,2024-07-25,-0.480461
1,2024-07-26,0.216102
1,2024-07-29,0.128464
1,2024-07-30,0.256598
1,2024-07-31,1.499086
1,2024-08-01,-1.675072
1,2024-08-02,0.686939
1,2024-08-05,-4.816702
1,2024-08-06,-0.974817
1,2024-08-07,1.249819
1,2024-08-08,1.663330
1,2024-08-09,1.373588
1,2024-08-12,0.596559
1,2024-08-13,1.719303
1,2024-08-14,0.203371
1,2024-08-15,1.353058
1,2024-08-16,0.591848
1,2024-08-19,-0.070781
1,2024-08-20,0.274470
1,2024-08-21,-0.048563
1,2024-08-22,-0.825972
1,2024-08-23,1.028816
1,2024-08-26,0.149885
1,2024-08-27,0.374153
1,2024-08-28,-0.675350
1,2024-08-29,1.457018
1,2024-08-30,-0.343792
2,2023-09-01,NULL
2,2023-09-05,4.685523
2,2023-09-06,-1.781746
2,2023-09-07,-0.170689
2,2023-09-08,-1.188914
2,2023-09-11,10.092555
2,2023-09-12,-2.229695
2,2023-09-13,1.428144
2,2023-09-14,1.747143
2,2023-09-15,-0.597739
2,2023-09-18,-3.320092
2,2023-09-19,0.459891
2,2023-09-20,-1.467167
2,2023-09-21,-2.623862
2,2023-09-22,-4.231521
2,2023-09-25,0.861647
2,2023-09-26,-1.161990
2,2023-09-27,-1.482877
2,2023-09-28,2.444906
2,2023-09-29,1.558568
2,2023-10-02,0.551515
2,2023-10-03,-2.015103
2,2023-10-04,5.934369
2,2023-10-05,-0.425027
2,2023-10-06,0.184580
2,2023-10-09,-0.330096
2,2023-10-10,1.521161
2,2023-10-11,-0.238980
2,2023-10-12,-1.566599
2,2023-10-13,-2.993781
2,2023-10-16,1.115005
2,2023-10-17,0.366257
2,2023-10-18,-4.775358
2,2023-10-19,-9.300313
2,2023-10-20,-3.689065
2,2023-10-23,0.042455
2,2023-10-24,2.093550
2,2023-10-25,-1.893590
2,2023-10-26,-3.135298
2,2023-10-27,0.748445
2,2023-10-30,-4.794983
2,2023-10-31,1.763275
2,2023-11-01,2.399920
2,2023-11-02,6.248177
2,2023-11-03,0.663585
2,2023-11-06,-0.313693
2,2023-11-07,1.327131
2,2023-11-08,-0.031506
2,2023-11-09,-5.461258
2,2023-11-10,2.224021
2,2023-11-13,4.220825
2,2023-11-14,6.124000
2,2023-11-15,2.287183
2,2023-11-16,-3.809092
2,2023-11-17,0.303951
2,2023-11-20,0.554844
2,2023-11-21,2.376910
2,2023-11-22,-2.898010
2,2023-11-24,0.529439
2,2023-11-27,0.267573
2,2023-11-28,4.506947
2,2023-11-29,-1.045720
2,2023-11-30,-1.662980
2,2023-12-01,-0.520660
2,2023-12-04,-1.360801
2,2023-12-05,1.332881
2,2023-12-06,0.272286
2,2023-12-07,1.366086
2,2023-12-08,0.494560
2,2023-12-11,-1.681430
2,2023-12-12,-1.138734
2,2023-12-13,0.961985
2,2023-12-14,4.914539
2,2023-12-15,0.975901
2,2023-12-18,-0.560158
2,2023-12-19,2.039035
2,2023-12-20,-3.918824
2,2023-12-21,2.978069
2,2023-12-22,-0.770138
2,2023-12-26,1.611626
2,2023-12-27,1.882234
2,2023-12-28,-3.159425
2,2023-12-29,-1.856387
2,2024-01-02,-0.024147
2,2024-01-03,-4.013364
2,2024-01-04,-0.218075
2,2024-01-05,-0.184928
2,2024-01-08,1.246368
2,2024-01-09,-2.283219
2,2024-01-10,-0.434116
2,2024-01-11,-2.872531
2,2024-01-12,-3.666051
2,2024-01-16,0.465987
2,2024-01-17,-1.982629
2,2024-01-18,-1.702621
2,2024-01-19,0.146309
2,2024-01-22,-1.597625
2,2024-01-23,0.162835
2,2024-01-24,-0.626375
2,2024-01-25,-12.125295
2,2024-01-26,0.339484
2,2024-01-29,4.190996
2,2024-01-30,0.345676
2,2024-01-31,-2.244376
2,2024-02-01,0.838272
2,2024-02-02,-0.503018
2,2024-02-05,-3.645362
2,2024-02-06,2.231305
2,2024-02-07,1.339816
2,2024-02-08,1.055550
2,2024-02-09,2.115425
2,2024-02-12,-2.810353
2,2024-02-13,-2.184660
2,2024-02-14,2.548636
2,2024-02-15,6.221186
2,2024-02-16,-0.249439
2,2024-02-20,-3.095774
2,2024-02-21,0.521263
2,2024-02-22,1.355445
2,2024-02-23,-2.755686
2,2024-02-26,3.870396
2,2024-02-27,0.165496
2,2024-02-28,1.156561
2,2024-02-29,-0.079192
2,2024-03-01,0.376461
2,2024-03-04,-7.155547
2,2024-03-05,-3.933241
2,2024-03-06,-2.323780
2,2024-03-07,1.195197
2,2024-03-08,-1.852785
2,2024-03-11,1.385879
2,2024-03-12,-0.129381
2,2024-03-13,-4.539822
2,2024-03-14,-4.118480
2,2024-03-15,0.658462
2,2024-03-18,6.254203
2,2024-03-19,-1.426928
2,2024-03-20,2.533271
2,2024-03-21,-1.616760
2,2024-03-22,-1.151487
2,2024-03-25,1.053679
2,2024-03-26,2.919539
2,2024-03-27,1.215737
2,2024-03-28,-2.246566
2,2024-04-01,-0.324251
2,2024-04-02,-4.902408
2,2024-04-03,1.050231
2,2024-04-04,1.621333
2,2024-04-05,-3.629244
2,2024-04-08,4.899939
2,2024-04-09,2.254596
2,2024-04-10,-2.894618
2,2024-04-11,1.653470
2,2024-04-12,-2.033219
2,2024-04-15,-5.594855
2,2024-04-16,-2.706217
2,2024-04-17,-1.056585
2,2024-04-18,-3.550981
2,2024-04-19,-1.920896
2,2024-04-22,-3.400204
2,2024-04-23,1.851461
2,2024-04-24,12.061100
2,2024-04-25,4.965151
2,2024-04-26,-1.110589
2,2024-04-29,15.306911
2,2024-04-30,-5.550116
2,2024-05-01,-1.795068
2,2024-05-02,0.011112
2,2024-05-03,0.655519
2,2024-05-06,1.970307
2,2024-05-07,-3.761637
2,2024-05-08,-1.737810
2,2024-05-09,-1.573947
2,2024-05-10,-2.035239
2,2024-05-13,2.030035
2,2024-05-14,3.292804
2,2024-05-15,-2.005069
2,2024-05-16,0.488534
2,2024-05-17,1.498513
2,2024-05-20,-1.414403
2,2024-05-21,6.659045
2,2024-05-22,-3.478028
2,2024-05-23,-3.536728
2,2024-05-24,3.165650
2,2024-05-28,-1.389199
2,2024-05-29,-0.316832
2,2024-05-30,1.475680
2,2024-05-31,-0.397114
2,2024-06-03,-1.005166
2,2024-06-04,-0.862216
2,2024-06-05,0.131602
2,2024-06-06,1.680000
2,2024-06-07,-0.258514
2,2024-06-10,-2.079108
2,2024-06-11,-1.801024
2,2024-06-12,3.884917
2,2024-06-13,2.921767
2,2024-06-14,-2.444237
2,2024-06-17,5.297455
2,2024-06-18,-1.376440
2,2024-06-20,-1.779725
2,2024-06-21,0.793083
2,2024-06-24,-0.234960
2,2024-06-25,2.612553
2,2024-06-26,4.814518
2,2024-06-27,0.534705
2,2024-06-28,0.233006
2,2024-07-01,6.054174
2,2024-07-02,10.197274
2,2024-07-03,6.542420
2,2024-07-05,2.082065
2,2024-07-08,0.564567
2,2024-07-09,3.712343
2,2024-07-10,0.354515
2,2024-07-11,-8.444124
2,2024-07-12,2.987180
2,2024-07-15,1.776578
2,2024-07-16,1.551615
2,2024-07-17,-3.141565
2,2024-07-18,0.293763
2,2024-07-19,-4.024395
2,2024-07-22,5.146321
2,2024-07-23,-2.039680
2,2024-07-24,-12.334605
2,2024-07-25,1.972314
2,2024-07-26,-0.204313
2,2024-07-29,5.595996
2,2024-07-30,-4.084446
2,2024-07-31,4.244902
2,2024-08-01,-6.554057
2,2024-08-02,-4.237757
2,2024-08-05,-4.232677
2,2024-08-06,0.884956
2,2024-08-07,-4.425837
2,2024-08-08,3.692115
2,2024-08-09,0.583384
2,2024-08-12,-1.255000
2,2024-08-13,5.235708
2,2024-08-14,-3.103498
2,2024-08-15,6.336280
2,2024-08-16,0.924629
2,2024-08-19,3.053859
2,2024-08-20,-0.727371
2,2024-08-21,0.981456
2,2024-08-22,-5.647870
2,2024-08-23,4.585588
2,2024-08-26,-3.227124
2,2024-08-27,-1.876085
2,2024-08-28,-1.653841
2,2024-08-29,0.257594
2,2024-08-30,3.795812
3,2023-09-01,NULL
3,2023-09-05,1.487860
3,2023-09-06,-0.200869
3,2023-09-07,-0.892213
3,2023-09-08,1.321573
3,2023-09-11,1.097915
3,2023-09-12,-1.825768
3,2023-09-13,1.293064
3,2023-09-14,0.785574
3,2023-09-15,-2.503691
3,2023-09-18,-0.351281
3,2023-09-19,-0.124597
3,2023-09-20,-2.397688
3,2023-09-21,-0.386570
3,2023-09-22,-0.788658
3,2023-09-25,0.167187
3,2023-09-26,-1.700573
3,2023-09-27,0.208240
3,2023-09-28,0.271748
3,2023-09-29,0.672746
3,2023-10-02,1.916073
3,2023-10-03,-2.613424
3,2023-10-04,1.777338
3,2023-10-05,0.125408
3,2023-10-06,2.473697
3,2023-10-09,0.782253
3,2023-10-10,-0.433570
3,2023-10-11,1.227199
3,2023-10-12,-0.379039
3,2023-10-13,-1.035753
3,2023-10-16,1.498184
3,2023-10-17,-0.174363
3,2023-10-18,-0.587243
3,2023-10-19,0.366544
3,2023-10-20,-1.403477
3,2023-10-23,0.811216
3,2023-10-24,0.367424
3,2023-10-25,3.067800
3,2023-10-26,-3.751431
3,2023-10-27,0.585562
3,2023-10-30,2.274037
3,2023-10-31,0.237171
3,2023-11-01,2.354263
3,2023-11-02,0.650157
3,2023-11-03,1.286174
3,2023-11-06,1.057256
3,2023-11-07,1.121925
3,2023-11-08,0.740576
3,2023-11-09,-0.691079
3,2023-11-10,2.489673
3,2023-11-13,-0.808829
3,2023-11-14,0.979055
3,2023-11-15,-0.162044
3,2023-11-16,1.758325
3,2023-11-17,-1.680091
3,2023-11-20,2.052183
3,2023-11-21,-1.157800
3,2023-11-22,1.281261
3,2023-11-24,-0.111155
3,2023-11-27,0.312641
3,2023-11-28,1.080267
3,2023-11-29,-1.006010
3,2023-11-30,0.015837
3,2023-12-01,-1.161226
3,2023-12-04,-1.433874
3,2023-12-05,0.915642
3,2023-12-06,-0.998604
3,2023-12-07,0.582972
3,2023-12-08,0.884216
3,2023-12-11,-0.782941
3,2023-12-12,0.829518
3,2023-12-13,-0.002671
3,2023-12-14,-2.254454
3,2023-12-15,1.311726
3,2023-12-18,0.517897
3,2023-12-19,0.163692
3,2023-12-20,-0.707282
3,2023-12-21,0.787869
3,2023-12-22,0.278417
3,2023-12-26,0.021357
3,2023-12-27,-0.157476
3,2023-12-28,0.323469
3,2023-12-29,0.202515
3,2024-01-02,-1.374854
3,2024-01-03,-0.072802
3,2024-01-04,-0.717755
3,2024-01-05,-0.051639
3,2024-01-08,1.887152
3,2024-01-09,0.293576
3,2024-01-10,1.857420
3,2024-01-11,0.485931
3,2024-01-12,0.998362
3,2024-01-16,0.463356
3,2024-01-17,-0.204986
3,2024-01-18,1.129740
3,2024-01-19,1.218676
3,2024-01-22,-0.541801
3,2024-01-23,0.602759
3,2024-01-24,0.917523
3,2024-01-25,0.573828
3,2024-01-26,-0.232173
3,2024-01-29,1.433417
3,2024-01-30,-0.275798
3,2024-01-31,-2.694633
3,2024-02-01,1.559435
3,2024-02-02,1.842588
3,2024-02-05,-1.354506
3,2024-02-06,-0.039443
3,2024-02-07,2.111026
3,2024-02-08,0.014491
3,2024-02-09,1.555142
3,2024-02-12,-1.257877
3,2024-02-13,-2.152868
3,2024-02-14,0.780173
3,2024-02-15,-0.715524
3,2024-02-16,-0.614915
3,2024-02-20,-0.314310
3,2024-02-21,-0.151444
3,2024-02-22,2.354667
3,2024-02-23,-0.318232
3,2024-02-26,-0.682361
3,2024-02-27,-0.014722
3,2024-02-28,0.058899
3,2024-02-29,1.451977
3,2024-03-01,0.449666
3,2024-03-04,-0.139591
3,2024-03-05,-2.957197
3,2024-03-06,-0.139079
3,2024-03-07,1.753339
3,2024-03-08,-0.713692
3,2024-03-11,-0.418492
3,2024-03-12,2.659943
3,2024-03-13,-0.043344
3,2024-03-14,2.437967
3,2024-03-15,-2.069517
3,2024-03-18,0.216128
3,2024-03-19,0.980063
3,2024-03-20,0.906481
3,2024-03-21,0.973591
3,2024-03-22,-0.146727
3,2024-03-25,-1.371461
3,2024-03-26,-0.286147
3,2024-03-27,-0.052176
3,2024-03-28,-0.168474
3,2024-04-01,0.915098
3,2024-04-02,-0.737216
3,2024-04-03,-0.234909
3,2024-04-04,-0.611250
3,2024-04-05,1.828276
3,2024-04-08,-0.218556
3,2024-04-09,0.398031
3,2024-04-10,-0.708455
3,2024-04-11,1.103341
3,2024-04-12,-1.409109
3,2024-04-15,-1.957810
3,2024-04-16,0.227251
3,2024-04-17,-0.660910
3,2024-04-18,-1.838092
3,2024-04-19,-1.273901
3,2024-04-22,0.461014
3,2024-04-23,1.648543
3,2024-04-24,0.365581
3,2024-04-25,-2.449518
3,2024-04-26,1.824379
3,2024-04-29,-1.001674
3,2024-04-30,-3.211933
3,2024-05-01,1.440937
3,2024-05-02,0.734289
3,2024-05-03,2.216972
3,2024-05-06,1.691831
3,2024-05-07,-1.015621
3,2024-05-08,0.293155
3,2024-05-09,0.433575
3,2024-05-10,0.586923
3,2024-05-13,-0.245937
3,2024-05-14,0.686455
3,2024-05-15,1.565201
3,2024-05-16,-0.493996
3,2024-05-17,-0.185278
3,2024-05-20,1.220818
3,2024-05-21,0.869892
3,2024-05-22,0.344956
3,2024-05-23,-0.817616
3,2024-05-24,0.740047
3,2024-05-28,0.037195
3,2024-05-29,-0.267243
3,2024-05-30,-3.378615
3,2024-05-31,0.110932
3,2024-06-03,-0.387830
3,2024-06-04,0.616657
3,2024-06-05,1.908333
3,2024-06-06,0.120280
3,2024-06-07,-0.157825
3,2024-06-10,0.948449
3,2024-06-11,1.124173
3,2024-06-12,1.936766
3,2024-06-13,0.117898
3,2024-06-14,0.224195
3,2024-06-17,1.310527
3,2024-06-18,-0.452751
3,2024-06-20,-0.143388
3,2024-06-21,0.915414
3,2024-06-24,-0.469118
3,2024-06-25,0.732683
3,2024-06-26,0.268322
3,2024-06-27,0.152601
3,2024-06-28,-1.302860
3,2024-07-01,2.188164
3,2024-07-02,0.558317
3,2024-07-03,0.324421
3,2024-07-05,1.473620
3,2024-07-08,-0.282317
3,2024-07-09,-1.437028
3,2024-07-10,1.460156
3,2024-07-11,-2.477212
3,2024-07-12,-0.252914
3,2024-07-15,0.090398
3,2024-07-16,-0.978060
3,2024-07-17,-1.334757
3,2024-07-18,-0.710227
3,2024-07-19,-0.740287
3,2024-07-22,1.333760
3,2024-07-23,0.431210
3,2024-07-24,-3.585478
3,2024-07-25,-2.448123
3,2024-07-26,1.641969
3,2024-07-29,0.343311
3,2024-07-30,-0.892836
3,2024-07-31,-1.080583
3,2024-08-01,-0.296403
3,2024-08-02,-2.066601
3,2024-08-05,-3.265686
3,2024-08-06,1.128685
3,2024-08-07,-0.295288
3,2024-08-08,1.069197
3,2024-08-09,0.826939
3,2024-08-12,0.194572
3,2024-08-13,1.769868
3,2024-08-14,0.688389
3,2024-08-15,1.000336
3,2024-08-16,-0.608033
3,2024-08-19,0.731235
3,2024-08-20,0.775745
3,2024-08-21,-0.155367
3,2024-08-22,-2.025275
3,2024-08-23,0.298400
3,2024-08-26,-0.791766
3,2024-08-27,0.084645
3,2024-08-28,-0.782911
3,2024-08-29,0.613736
3,2024-08-30,0.973083
4,2023-09-01,NULL
4,2023-09-05,0.081085
4,2023-09-06,-0.964867
4,2023-09-07,0.594972
4,2023-09-08,0.828035
4,2023-09-11,0.395952
4,2023-09-12,-1.153959
4,2023-09-13,1.012265
4,2023-09-14,1.016751
4,2023-09-15,-0.506879
4,2023-09-18,0.589520
4,2023-09-19,-0.123001
4,2023-09-20,-3.115039
4,2023-09-21,-2.467474
4,2023-09-22,-0.145661
4,2023-09-25,0.660269
4,2023-09-26,-1.937305
4,2023-09-27,1.532239
4,2023-09-28,1.355906
4,2023-09-29,-1.095911
4,2023-10-02,2.529421
4,2023-10-03,-1.296862
4,2023-10-04,2.121876
4,2023-10-05,-0.125702
4,2023-10-06,1.858296
4,2023-10-09,0.610554
4,2023-10-10,-0.260078
4,2023-10-11,1.803564
4,2023-10-12,-1.124155
4,2023-10-13,-1.158523
4,2023-10-16,1.266744
4,2023-10-17,0.445723
4,2023-10-18,-1.259662
4,2023-10-19,-0.152218
4,2023-10-20,-1.560799
4,2023-10-23,0.663717
4,2023-10-24,1.692308
4,2023-10-25,-9.509401
4,2023-10-26,-2.651063
4,2023-10-27,-0.089957
4,2023-10-30,1.874437
4,2023-10-31,-0.305319
4,2023-11-01,1.910058
4,2023-11-02,0.822459
4,2023-11-03,1.262844
4,2023-11-06,0.890782
4,2023-11-07,0.552783
4,2023-11-08,0.664274
4,2023-11-09,-1.213592
4,2023-11-10,1.804361
4,2023-11-13,-0.377102
4,2023-11-14,1.158301
4,2023-11-15,0.748391
4,2023-11-16,1.715941
4,2023-11-17,-1.183086
4,2023-11-20,0.694701
4,2023-11-21,0.528440
4,2023-11-22,1.109732
4,2023-11-24,-1.299733
4,2023-11-27,-0.204843
4,2023-11-28,0.579136
4,2023-11-29,-1.610787
4,2023-11-30,-1.822357
4,2023-12-01,-0.505546
4,2023-12-04,-1.964204
4,2023-12-05,1.330548
4,2023-12-06,-0.740515
4,2023-12-07,5.314567
4,2023-12-08,-1.416782
4,2023-12-11,-1.259353
4,2023-12-12,-0.577688
4,2023-12-13,0.037730
4,2023-12-14,-0.475221
4,2023-12-15,0.500227
4,2023-12-18,2.413273
4,2023-12-19,0.625920
4,2023-12-20,1.236736
4,2023-12-21,1.503542
4,2023-12-22,0.762000
4,2023-12-26,0.021203
4,2023-12-27,-0.812606
4,2023-12-28,-0.099736
4,2023-12-29,-0.385082
4,2024-01-02,-1.088124
4,2024-01-03,0.542810
4,2024-01-04,-1.821192
4,2024-01-05,-0.483906
4,2024-01-08,2.291314
4,2024-01-09,1.519735
4,2024-01-10,0.943597
4,2024-01-11,-0.140568
4,2024-01-12,0.401182
4,2024-01-16,-0.112163
4,2024-01-17,-0.715840
4,2024-01-18,1.420796
4,2024-01-19,2.021188
4,2024-01-22,-0.266430
4,2024-01-23,0.719227
4,2024-01-24,1.128945
4,2024-01-25,2.131809
4,2024-01-26,0.210707
4,2024-01-29,0.867337
4,2024-01-30,-1.335418
4,2024-01-31,-7.500330
4,2024-02-01,0.756602
4,2024-02-02,0.864267
4,2024-02-05,0.913050
4,2024-02-06,0.292316
4,2024-02-07,0.999306
4,2024-02-08,0.254226
4,2024-02-09,2.117744
4,2024-02-12,-0.986577
4,2024-02-13,-1.620009
4,2024-02-14,0.551192
4,2024-02-15,-2.172126
4,2024-02-16,-1.575961
4,2024-02-20,0.426985
4,2024-02-21,1.013322
4,2024-02-22,1.080323
4,2024-02-23,-0.090221
4,2024-02-26,-4.438733
4,2024-02-27,0.952242
4,2024-02-28,-1.800115
4,2024-02-29,1.525150
4,2024-03-01,-0.953344
4,2024-03-04,-2.763599
4,2024-03-05,-0.509936
4,2024-03-06,-0.957262
4,2024-03-07,2.267884
4,2024-03-08,0.766483
4,2024-03-11,1.669005
4,2024-03-12,0.602891
4,2024-03-13,0.931408
4,2024-03-14,2.367837
4,2024-03-15,-1.341719
4,2024-03-18,4.604052
4,2024-03-19,-0.440141
4,2024-03-20,1.163028
4,2024-03-21,-0.766438
4,2024-03-22,2.147696
4,2024-03-25,-0.464283
4,2024-03-26,0.399813
4,2024-03-27,0.132740
4,2024-03-28,0.039769
4,2024-04-01,3.021268
4,2024-04-02,-0.598109
4,2024-04-03,0.232919
4,2024-04-04,-2.833721
4,2024-04-05,1.308709
4,2024-04-08,1.540984
4,2024-04-09,1.130126
4,2024-04-10,-0.293742
4,2024-04-11,2.094274
4,2024-04-12,-1.053886
4,2024-04-15,-1.819565
4,2024-04-16,-0.297042
4,2024-04-17,0.693005
4,2024-04-18,0.347334
4,2024-04-19,-1.230690
4,2024-04-22,1.421247
4,2024-04-23,1.266957
4,2024-04-24,0.549728
4,2024-04-25,-1.966945
4,2024-04-26,10.224359
4,2024-04-29,-3.373074
4,2024-04-30,-2.028288
4,2024-05-01,0.663472
4,2024-05-02,1.684365
4,2024-05-03,0.372104
4,2024-05-06,0.514231
4,2024-05-07,1.873885
4,2024-05-08,-1.091971
4,2024-05-09,0.342425
4,2024-05-10,-0.770770
4,2024-05-13,0.290543
4,2024-05-14,0.709471
4,2024-05-15,1.273923
4,2024-05-16,0.968060
4,2024-05-17,1.079343
4,2024-05-20,0.488470
4,2024-05-21,0.525661
4,2024-05-22,-0.826539
4,2024-05-23,-1.604490
4,2024-05-24,0.829732
4,2024-05-28,0.805760
4,2024-05-29,-0.283447
4,2024-05-30,-2.154633
4,2024-05-31,0.226599
4,2024-06-03,0.388406
4,2024-06-04,0.358030
4,2024-06-05,0.932160
4,2024-06-06,0.752523
4,2024-06-07,-1.284445
4,2024-06-10,0.315259
4,2024-06-11,0.919947
4,2024-06-12,0.662439
4,2024-06-13,-1.479273
4,2024-06-14,0.930578
4,2024-06-17,0.254539
4,2024-06-18,-1.213044
4,2024-06-20,0.691073
4,2024-06-21,1.888826
4,2024-06-24,-0.228247
4,2024-06-25,2.683852
4,2024-06-26,-0.081508
4,2024-06-27,0.832064
4,2024-06-28,-1.758265
4,2024-07-01,0.461158
4,2024-07-02,1.229575
4,2024-07-03,0.313107
4,2024-07-05,2.572382
4,2024-07-08,-0.823715
4,2024-07-09,-0.026451
4,2024-07-10,1.164144
4,2024-07-11,-2.934407
4,2024-07-12,-0.269440
4,2024-07-15,0.788891
4,2024-07-16,-1.399239
4,2024-07-17,-1.576773
4,2024-07-18,-1.839576
4,2024-07-19,-0.016883
4,2024-07-22,2.257120
4,2024-07-23,0.066054
4,2024-07-24,-5.038781
4,2024-07-25,-3.099114
4,2024-07-26,-0.167384
4,2024-07-29,1.514970
4,2024-07-30,0.448298
4,2024-07-31,0.734042
4,2024-08-01,-0.454704
4,2024-08-02,-2.401031
4,2024-08-05,-4.446178
4,2024-08-06,-0.602826
4,2024-08-07,0.410639
4,2024-08-08,1.944130
4,2024-08-09,1.012158
4,2024-08-12,-0.843160
4,2024-08-13,1.152258
4,2024-08-14,-2.308723
4,2024-08-15,0.579909
4,2024-08-16,1.029138
4,2024-08-19,2.276632
4,2024-08-20,0.305994
4,2024-08-21,-0.795550
4,2024-08-22,-1.236057
4,2024-08-23,1.111111
4,2024-08-26,0.326048
4,2024-08-27,-0.890708
4,2024-08-28,-1.111246
4,2024-08-29,-0.657046
4,2024-08-30,0.988997
5,2023-09-01,NULL
5,2023-09-05,-0.432190
5,2023-09-06,-0.672246
5,2023-09-07,-0.307023
5,2023-09-08,0.150613
5,2023-09-11,0.657658
5,2023-09-12,-0.548556
5,2023-09-13,0.116595
5,2023-09-14,0.862243
5,2023-09-15,-1.552092
5,2023-09-18,0.058642
5,2023-09-19,-0.207380
5,2023-09-20,-0.919338
5,2023-09-21,-1.652836
5,2023-09-22,-0.224855
5,2023-09-25,0.420519
5,2023-09-26,-1.469125
5,2023-09-27,0.039917
5,2023-09-28,0.579744
5,2023-09-29,-0.242696
5,2023-10-02,-0.039768
5,2023-10-03,-1.338607
5,2023-10-04,0.728196
5,2023-10-05,-0.037677
5,2023-10-06,1.187279
5,2023-10-09,0.640220
5,2023-10-10,0.520484
5,2023-10-11,0.409629
5,2023-10-12,-0.609644
5,2023-10-13,-0.498086
5,2023-10-16,1.052144
5,2023-10-17,-0.004587
5,2023-10-18,-1.332508
5,2023-10-19,-0.878641
5,2023-10-20,-1.228807
5,2023-10-23,-0.173318
5,2023-10-24,0.753936
5,2023-10-25,-1.435215
5,2023-10-26,-1.197461
5,2023-10-27,-0.453278
5,2023-10-30,1.195578
5,2023-10-31,0.628023
5,2023-11-01,1.066475
5,2023-11-02,1.916434
5,2023-11-03,0.912341
5,2023-11-06,0.230049
5,2023-11-07,0.284606
5,2023-11-08,0.073238
5,2023-11-09,-0.779874
5,2023-11-10,1.560483
5,2023-11-13,-0.095322
5,2023-11-14,1.940071
5,2023-11-15,0.211709
5,2023-11-16,0.122309
5,2023-11-17,0.124381
5,2023-11-20,0.769760
5,2023-11-21,-0.217937
5,2023-11-22,0.386083
5,2023-11-24,0.061536
5,2023-11-27,-0.180101
5,2023-11-28,0.099014
5,2023-11-29,-0.070340
5,2023-11-30,0.393744
5,2023-12-01,0.591586
5,2023-12-04,-0.524940
5,2023-12-05,-0.019707
5,2023-12-06,-0.402979
5,2023-12-07,0.763040
5,2023-12-08,0.429915
5,2023-12-11,0.388961
5,2023-12-12,0.456720
5,2023-12-13,1.379013
5,2023-12-14,0.320935
5,2023-12-15,-0.567785
5,2023-12-18,0.562504
5,2023-12-19,0.608089
5,2023-12-20,-1.385730
5,2023-12-21,0.948191
5,2023-12-22,0.200973
5,2023-12-26,0.422253
5,2023-12-27,0.180805
5,2023-12-28,0.037775
5,2023-12-29,-0.289496
5,2024-01-02,-0.559635
5,2024-01-03,-0.816672
5,2024-01-04,-0.322106
5,2024-01-05,0.136963
5,2024-01-08,1.427594
5,2024-01-09,-0.151707
5,2024-01-10,0.565544
5,2024-01-11,-0.044066
5,2024-01-12,0.069277
5,2024-01-16,-0.367123
5,2024-01-17,-0.555871
5,2024-01-18,0.889284
5,2024-01-19,1.246616
5,2024-01-22,0.211430
5,2024-01-23,0.291654
5,2024-01-24,0.109310
5,2024-01-25,0.543893
5,2024-01-26,-0.127041
5,2024-01-29,0.791941
5,2024-01-30,-0.077351
5,2024-01-31,-1.631730
5,2024-02-01,1.308814
5,2024-02-02,1.052739
5,2024-02-05,-0.364114
5,2024-02-06,0.290326
5,2024-02-07,0.834042
5,2024-02-08,0.044168
5,2024-02-09,0.577942
5,2024-02-12,-0.043895
5,2024-02-13,-1.377300
5,2024-02-14,0.908760
5,2024-02-15,0.689973
5,2024-02-16,-0.497998
5,2024-02-20,-0.550540
5,2024-02-21,0.090587
5,2024-02-22,2.069548
5,2024-02-23,0.068966
5,2024-02-26,-0.366250
5,2024-02-27,0.185774
5,2024-02-28,-0.132168
5,2024-02-29,0.359499
5,2024-03-01,0.938829
5,2024-03-04,-0.107244
5,2024-03-05,-0.999414
5,2024-03-06,0.506723
5,2024-03-07,0.992643
5,2024-03-08,-0.600221
5,2024-03-11,-0.085985
5,2024-03-12,1.075731
5,2024-03-13,-0.156740
5,2024-03-14,-0.197686
5,2024-03-15,-0.994271
5,2024-03-18,0.594316
5,2024-03-19,0.555707
5,2024-03-20,0.924938
5,2024-03-21,0.330464
5,2024-03-22,-0.189583
5,2024-03-25,-0.276280
5,2024-03-26,-0.184697
5,2024-03-27,0.840385
5,2024-03-28,-0.019114
5,2024-04-01,-0.173973
5,2024-04-02,-0.635820
5,2024-04-03,0.109860
5,2024-04-04,-1.220616
5,2024-04-05,1.044692
5,2024-04-08,0.055938
5,2024-04-09,0.115669
5,2024-04-10,-1.001309
5,2024-04-11,0.754688
5,2024-04-12,-1.380309
5,2024-04-15,-1.252814
5,2024-04-16,-0.182377
5,2024-04-17,-0.591822
5,2024-04-18,-0.205774
5,2024-04-19,-0.872838
5,2024-04-22,0.920914
5,2024-04-23,1.186665
5,2024-04-24,-0.047464
5,2024-04-25,-0.379890
5,2024-04-26,0.947387
5,2024-04-29,0.354149
5,2024-04-30,-1.584127
5,2024-05-01,-0.324714
5,2024-05-02,0.935345
5,2024-05-03,1.239530
5,2024-05-06,1.032682
5,2024-05-07,0.110343
5,2024-05-08,0.009669
5,2024-05-09,0.576191
5,2024-05-10,0.128804
5,2024-05-13,0.013440
5,2024-05-14,0.458812
5,2024-05-15,1.238295
5,2024-05-16,-0.205746
5,2024-05-17,0.143752
5,2024-05-20,0.115214
5,2024-05-21,0.245255
5,2024-05-22,-0.287940
5,2024-05-23,-0.730423
5,2024-05-24,0.661647
5,2024-05-28,0.069885
5,2024-05-29,-0.700251
5,2024-05-30,-0.663372
5,2024-05-31,0.910813
5,2024-06-03,0.081537
5,2024-06-04,0.111785
5,2024-06-05,1.188516
5,2024-06-06,-0.001870
5,2024-06-07,-0.121573
5,2024-06-10,0.308983
5,2024-06-11,0.240824
5,2024-06-12,0.821306
5,2024-06-13,0.201345
5,2024-06-14,0.060835
5,2024-06-17,0.795903
5,2024-06-18,0.254067
5,2024-06-20,-0.271655
5,2024-06-21,-0.455210
5,2024-06-24,-0.325063
5,2024-06-25,0.385083
5,2024-06-26,0.124810
5,2024-06-27,0.157651
5,2024-06-28,-0.393506
5,2024-07-01,0.205799
5,2024-07-02,0.672975
5,2024-07-03,0.446258
5,2024-07-05,0.576651
5,2024-07-08,0.115390
5,2024-07-09,0.097248
5,2024-07-10,0.989529
5,2024-07-11,-0.862253
5,2024-07-12,0.630750
5,2024-07-15,0.275005
5,2024-07-16,0.593023
5,2024-07-17,-1.402117
5,2024-07-18,-0.768485
5,2024-07-19,-0.664061
5,2024-07-22,1.030984
5,2024-07-23,-0.156856
5,2024-07-24,-2.266243
5,2024-07-25,-0.521035
5,2024-07-26,1.119964
5,2024-07-29,0.058776
5,2024-07-30,-0.506645
5,2024-07-31,1.625461
5,2024-08-01,-1.416096
5,2024-08-02,-1.861844
5,2024-08-05,-2.912366
5,2024-08-06,0.921953
5,2024-08-07,-0.668390
5,2024-08-08,2.311726
5,2024-08-09,0.440969
5,2024-08-12,0.052534
5,2024-08-13,1.644570
5,2024-08-14,0.315475
5,2024-08-15,1.714023
5,2024-08-16,0.224203
5,2024-08-19,0.956144
5,2024-08-20,-0.162613
5,2024-08-21,0.343655
5,2024-08-22,-0.784845
5,2024-08-23,1.062529
5,2024-08-26,-0.238379
5,2024-08-27,0.137306
5,2024-08-28,-0.580526
5,2024-08-29,0.008956
5,2024-08-30,0.954598
6,2023-09-01,NULL
6,2023-09-05,0.127122
6,2023-09-06,-0.880789
6,2023-09-07,-0.715163
6,2023-09-08,0.139762
6,2023-09-11,1.178270
6,2023-09-12,-1.108842
6,2023-09-13,0.380912
6,2023-09-14,0.817723
6,2023-09-15,-1.712302
6,2023-09-18,-0.040452
6,2023-09-19,-0.213133
6,2023-09-20,-1.441047
6,2023-09-21,-1.832446
6,2023-09-22,0.013972
6,2023-09-25,0.474980
6,2023-09-26,-1.501627
6,2023-09-27,0.234324
6,2023-09-28,0.836525
6,2023-09-29,0.072624
6,2023-10-02,0.834566
6,2023-10-03,-1.754969
6,2023-10-04,1.360870
6,2023-10-05,-0.294649
6,2023-10-06,1.675542
6,2023-10-09,0.510008
6,2023-10-10,0.553797
6,2023-10-11,0.713530
6,2023-10-12,-0.347503
6,2023-10-13,-1.256995
6,2023-10-16,1.130640
6,2023-10-17,-0.327549
6,2023-10-18,-1.311787
6,2023-10-19,-0.935685
6,2023-10-20,-1.491791
6,2023-10-23,0.301748
6,2023-10-24,0.972812
6,2023-10-25,-2.447582
6,2023-10-26,-1.906719
6,2023-10-27,0.480126
6,2023-10-30,1.126524
6,2023-10-31,0.478236
6,2023-11-01,1.735686
6,2023-11-02,1.815329
6,2023-11-03,1.174884
6,2023-11-06,0.407930
6,2023-11-07,0.945262
6,2023-11-08,0.064395
6,2023-11-09,-0.769561
6,2023-11-10,2.248223
6,2023-11-13,-0.311848
6,2023-11-14,2.152647
6,2023-11-15,0.075260
6,2023-11-16,0.085576
6,2023-11-17,0.023319
6,2023-11-20,1.217490
6,2023-11-21,-0.580949
6,2023-11-22,0.409298
6,2023-11-24,-0.141004
6,2023-11-27,-0.087289
6,2023-11-28,0.262096
6,2023-11-29,-0.097388
6,2023-11-30,-0.251405
6,2023-12-01,0.285472
6,2023-12-04,-0.928348
6,2023-12-05,0.251087
6,2023-12-06,-0.578378
6,2023-12-07,1.397221
6,2023-12-08,0.445662
6,2023-12-11,0.854221
6,2023-12-12,0.796420
6,2023-12-13,1.271728
6,2023-12-14,-0.086689
6,2023-12-15,0.483403
6,2023-12-18,0.429269
6,2023-12-19,0.510956
6,2023-12-20,-1.485971
6,2023-12-21,1.163541
6,2023-12-22,0.149594
6,2023-12-26,0.612175
6,2023-12-27,0.150896
6,2023-12-28,-0.048603
6,2023-12-29,-0.432774
6,2024-01-02,-1.692225
6,2024-01-03,-1.058148
6,2024-01-04,-0.514649
6,2024-01-05,0.118603
6,2024-01-08,2.066793
6,2024-01-09,0.197555
6,2024-01-10,0.677757
6,2024-01-11,0.208078
6,2024-01-12,0.051301
6,2024-01-16,-0.009767
6,2024-01-17,-0.564075
6,2024-01-18,1.419415
6,2024-01-19,1.983099
6,2024-01-22,0.130585
6,2024-01-23,0.414957
6,2024-01-24,0.554926
6,2024-01-25,0.122114
6,2024-01-26,-0.595755
6,2024-01-29,1.024044
6,2024-01-30,-0.665655
6,2024-01-31,-1.958617
6,2024-02-01,1.177543
6,2024-02-02,1.690054
6,2024-02-05,-0.130533
6,2024-02-06,-0.200724
6,2024-02-07,1.029023
6,2024-02-08,0.185189
6,2024-02-09,0.984311
6,2024-02-12,-0.391260
6,2024-02-13,-1.559700
6,2024-02-14,1.089721
6,2024-02-15,0.297770
6,2024-02-16,-0.906769
6,2024-02-20,-0.754813
6,2024-02-21,-0.400168
6,2024-02-22,2.927563
6,2024-02-23,-0.294473
6,2024-02-26,-0.052658
6,2024-02-27,0.240522
6,2024-02-28,-0.532450
6,2024-02-29,0.856939
6,2024-03-01,1.505695
6,2024-03-04,-0.356814
6,2024-03-05,-1.794964
6,2024-03-06,0.628368
6,2024-03-07,1.517810
6,2024-03-08,-1.443484
6,2024-03-11,-0.371281
6,2024-03-12,1.433503
6,2024-03-13,-0.768607
6,2024-03-14,-0.252129
6,2024-03-15,-1.188687
6,2024-03-18,0.820428
6,2024-03-19,0.249154
6,2024-03-20,1.185672
6,2024-03-21,0.473218
6,2024-03-22,0.114383
6,2024-03-25,-0.362919
6,2024-03-26,-0.323770
6,2024-03-27,0.340612
6,2024-03-28,-0.184340
6,2024-04-01,0.211707
6,2024-04-02,-0.863018
6,2024-04-03,0.224434
6,2024-04-04,-1.529066
6,2024-04-05,1.178389
6,2024-04-08,0.029514
6,2024-04-09,0.369950
6,2024-04-10,-0.872849
6,2024-04-11,1.596825
6,2024-04-12,-1.594180
6,2024-04-15,-1.645105
6,2024-04-16,0.009279
6,2024-04-17,-1.220135
6,2024-04-18,-0.570637
6,2024-04-19,-2.068917
6,2024-04-22,1.005667
6,2024-04-23,1.492288
6,2024-04-24,0.338768
6,2024-04-25,-0.482990
6,2024-04-26,1.543174
6,2024-04-29,0.406032
6,2024-04-30,-1.885615
6,2024-05-01,-0.723050
6,2024-05-02,1.276333
6,2024-05-03,2.009838
6,2024-05-06,1.095343
6,2024-05-07,0.015900
6,2024-05-08,-0.059048
6,2024-05-09,0.218152
6,2024-05-10,0.235817
6,2024-05-13,0.230738
6,2024-05-14,0.643225
6,2024-05-15,1.563026
6,2024-05-16,-0.203135
6,2024-05-17,-0.048675
6,2024-05-20,0.697273
6,2024-05-21,0.195643
6,2024-05-22,-0.019746
6,2024-05-23,-0.449847
6,2024-05-24,0.945642
6,2024-05-28,0.377770
6,2024-05-29,-0.704838
6,2024-05-30,-1.071335
6,2024-05-31,-0.186026
6,2024-06-03,0.536931
6,2024-06-04,0.273652
6,2024-06-05,2.015978
6,2024-06-06,-0.034518
6,2024-06-07,-0.088482
6,2024-06-10,0.403923
6,2024-06-11,0.686272
6,2024-06-12,1.309773
6,2024-06-13,0.542023
6,2024-06-14,0.518124
6,2024-06-17,1.224984
6,2024-06-18,0.030924
6,2024-06-20,-0.770800
6,2024-06-21,-0.267929
6,2024-06-24,-1.295348
6,2024-06-25,1.143556
6,2024-06-26,0.206517
6,2024-06-27,0.258134
6,2024-06-28,-0.519092
6,2024-07-01,0.586504
6,2024-07-02,1.049967
6,2024-07-03,0.833710
6,2024-07-05,1.042685
6,2024-07-08,0.237827
6,2024-07-09,0.086460
6,2024-07-10,1.042650
6,2024-07-11,-2.193017
6,2024-07-12,0.587482
6,2024-07-15,0.268785
6,2024-07-16,0.038295
6,2024-07-17,-2.935488
6,2024-07-18,-0.473255
6,2024-07-19,-0.886358
6,2024-07-22,1.489774
6,2024-07-23,-0.352463
6,2024-07-24,-3.587033
6,2024-07-25,-1.102767
6,2024-07-26,1.025596
6,2024-07-29,0.200877
6,2024-07-30,-1.373141
6,2024-07-31,2.959369
6,2024-08-01,-2.422145
6,2024-08-02,-2.373493
6,2024-08-05,-2.981616
6,2024-08-06,0.955509
6,2024-08-07,-1.082975
6,2024-08-08,3.059089
6,2024-08-09,0.522240
6,2024-08-12,0.215359
6,2024-08-13,2.481280
6,2024-08-14,0.032427
6,2024-08-15,2.526311
6,2024-08-16,0.128578
6,2024-08-19,1.313601
6,2024-08-20,-0.209861
6,2024-08-21,0.466414
6,2024-08-22,-1.585492
6,2024-08-23,1.084553
6,2024-08-26,-0.970833
6,2024-08-27,0.298734
6,2024-08-28,-1.134743
6,2024-08-29,-0.146388
6,2024-08-30,1.191943
7,2023-09-01,NULL
7,2023-09-05,-0.416507
7,2023-09-06,-0.694678
7,2023-09-07,-0.307409
7,2023-09-08,0.148109
7,2023-09-11,0.671564
7,2023-09-12,-0.565938
7,2023-09-13,0.123520
7,2023-09-14,0.870827
7,2023-09-15,-1.211031
7,2023-09-18,0.072824
7,2023-09-19,-0.215888
7,2023-09-20,-0.933489
7,2023-09-21,-1.636729
7,2023-09-22,-0.229512
7,2023-09-25,0.402570
7,2023-09-26,-1.466853
7,2023-09-27,-0.326046
7,2023-09-28,0.600974
7,2023-09-29,-0.267184
7,2023-10-02,0.007582
7,2023-10-03,-1.367197
7,2023-10-04,0.809654
7,2023-10-05,-0.111831
7,2023-10-06,1.195898
7,2023-10-09,0.631113
7,2023-10-10,0.522213
7,2023-10-11,0.432502
7,2023-10-12,-0.613785
7,2023-10-13,-0.500535
7,2023-10-16,1.061167
7,2023-10-17,-0.009906
7,2023-10-18,-1.339905
7,2023-10-19,-0.840969
7,2023-10-20,-1.255696
7,2023-10-23,-0.169213
7,2023-10-24,0.726796
7,2023-10-25,-1.432906
7,2023-10-26,-1.182131
7,2023-10-27,-0.479033
7,2023-10-30,1.209921
7,2023-10-31,0.652304
7,2023-11-01,1.050865
7,2023-11-02,1.893349
7,2023-11-03,0.942876
7,2023-11-06,0.176380
7,2023-11-07,0.287663
7,2023-11-08,0.103855
7,2023-11-09,-0.790455
7,2023-11-10,1.578567
7,2023-11-13,-0.078437
7,2023-11-14,1.928125
7,2023-11-15,0.175688
7,2023-11-16,0.144148
7,2023-11-17,0.129546
7,2023-11-20,0.747520
7,2023-11-21,-0.199762
7,2023-11-22,0.409856
7,2023-11-24,0.061702
7,2023-11-27,-0.194479
7,2023-11-28,0.097429
7,2023-11-29,-0.078342
7,2023-11-30,0.408648
7,2023-12-01,0.596280
7,2023-12-04,-0.540998
7,2023-12-05,-0.054394
7,2023-12-06,-0.388065
7,2023-12-07,0.812409
7,2023-12-08,0.412357
7,2023-12-11,0.391890
7,2023-12-12,0.462822
7,2023-12-13,1.365783
7,2023-12-14,0.289216
7,2023-12-15,-0.004577
7,2023-12-18,0.453193
7,2023-12-19,0.202789
7,2023-12-20,-1.455306
7,2023-12-21,1.029144
7,2023-12-22,0.166731
7,2023-12-26,0.421835
7,2023-12-27,0.149860
7,2023-12-28,0.047611
7,2023-12-29,-0.276468
7,2024-01-02,-0.565832
7,2024-01-03,-0.797587
7,2024-01-04,-0.329432
7,2024-01-05,0.182596
7,2024-01-08,1.411960
7,2024-01-09,-0.134225
7,2024-01-10,0.567237
7,2024-01-11,-0.063426
7,2024-01-12,0.081599
7,2024-01-16,-0.371427
7,2024-01-17,-0.561491
7,2024-01-18,0.889285
7,2024-01-19,1.237197
7,2024-01-22,0.217109
7,2024-01-23,0.294807
7,2024-01-24,0.082393
7,2024-01-25,0.529548
7,2024-01-26,-0.064185
7,2024-01-29,0.755210
7,2024-01-30,-0.052754
7,2024-01-31,-1.607653
7,2024-02-01,1.253940
7,2024-02-02,1.072848
7,2024-02-05,-0.318875
7,2024-02-06,0.234443
7,2024-02-07,0.824098
7,2024-02-08,0.069378
7,2024-02-09,0.584973
7,2024-02-12,-0.094774
7,2024-02-13,-1.356130
7,2024-02-14,0.976985
7,2024-02-15,0.603896
7,2024-02-16,-0.464726
7,2024-02-20,-0.598751
7,2024-02-21,0.130474
7,2024-02-22,2.117448
7,2024-02-23,0.036154
7,2024-02-26,-0.376292
7,2024-02-27,0.000000
7,2024-02-28,0.014938
7,2024-02-29,0.544081
7,2024-03-01,0.806400
7,2024-03-04,-0.117887
7,2024-03-05,-1.015870
7,2024-03-06,0.519536
7,2024-03-07,1.044292
7,2024-03-08,-0.645675
7,2024-03-11,-0.113938
7,2024-03-12,1.123785
7,2024-03-13,-0.188001
7,2024-03-14,-0.263698
7,2024-03-15,-0.646298
7,2024-03-18,0.631494
7,2024-03-19,0.564569
7,2024-03-20,0.903665
7,2024-03-21,0.326791
7,2024-03-22,-0.428804
7,2024-03-25,-0.306425
7,2024-03-26,-0.280368
7,2024-03-27,0.874708
7,2024-03-28,0.113552
7,2024-04-01,-0.202099
7,2024-04-02,-0.721179
7,2024-04-03,0.114478
7,2024-04-04,-1.222479
7,2024-04-05,1.109217
7,2024-04-08,-0.035389
7,2024-04-09,0.158264
7,2024-04-10,-0.943926
7,2024-04-11,0.745125
7,2024-04-12,-1.443810
7,2024-04-15,-1.200719
7,2024-04-16,-0.207544
7,2024-04-17,-0.576758
7,2024-04-18,-0.215652
7,2024-04-19,-0.870956
7,2024-04-22,0.872068
7,2024-04-23,1.197372
7,2024-04-24,0.021357
7,2024-04-25,-0.456953
7,2024-04-26,1.023210
7,2024-04-29,0.320629
7,2024-04-30,-1.568387
7,2024-05-01,-0.344049
7,2024-05-02,0.914878
7,2024-05-03,1.259381
7,2024-05-06,1.034672
7,2024-05-07,0.140027
7,2024-05-08,-0.002087
7,2024-05-09,0.528029
7,2024-05-10,0.180622
7,2024-05-13,-0.022796
7,2024-05-14,0.497481
7,2024-05-15,1.190108
7,2024-05-16,-0.187525
7,2024-05-17,0.120487
7,2024-05-20,0.097905
7,2024-05-21,0.252674
7,2024-05-22,-0.270331
7,2024-05-23,-0.733706
7,2024-05-24,0.702172
7,2024-05-28,0.022427
7,2024-05-29,-0.735849
7,2024-05-30,-0.587293
7,2024-05-31,0.811782
7,2024-06-03,0.122938
7,2024-06-04,0.153484
7,2024-06-05,1.187168
7,2024-06-06,-0.020193
7,2024-06-07,-0.092909
7,2024-06-10,0.264834
7,2024-06-11,0.272199
7,2024-06-12,0.852587
7,2024-06-13,0.235271
7,2024-06-14,-0.015913
7,2024-06-17,0.777877
7,2024-06-18,0.254659
7,2024-06-20,-0.252043
7,2024-06-21,-0.152003
7,2024-06-24,-0.300514
7,2024-06-25,0.392639
7,2024-06-26,0.156046
7,2024-06-27,0.092693
7,2024-06-28,-0.723124
7,2024-07-01,0.269922
7,2024-07-02,0.619544
7,2024-07-03,0.511469
7,2024-07-05,0.559753
7,2024-07-08,0.103153
7,2024-07-09,0.075827
7,2024-07-10,1.033572
7,2024-07-11,-0.873010
7,2024-07-12,0.550921
7,2024-07-15,0.291315
7,2024-07-16,0.638646
7,2024-07-17,-1.391517
7,2024-07-18,-0.781174
7,2024-07-19,-0.709178
7,2024-07-22,1.082187
7,2024-07-23,-0.155724
7,2024-07-24,-2.314156
7,2024-07-25,-0.512913
7,2024-07-26,1.115368
7,2024-07-29,0.081341
7,2024-07-30,-0.495579
7,2024-07-31,1.585784
7,2024-08-01,-1.364920
7,2024-08-02,-1.837124
7,2024-08-05,-2.993600
7,2024-08-06,1.035620
7,2024-08-07,-0.770820
7,2024-08-08,2.305433
7,2024-08-09,0.478381
7,2024-08-12,0.016208
7,2024-08-13,1.685336
7,2024-08-14,0.386462
7,2024-08-15,1.641101
7,2024-08-16,0.212807
7,2024-08-19,0.981901
7,2024-08-20,-0.194857
7,2024-08-21,0.427202
7,2024-08-22,-0.891190
7,2024-08-23,1.147796
7,2024-08-26,-0.312974
7,2024-08-27,0.167572
7,2024-08-28,-0.598019
7,2024-08-29,0.000000
7,2024-08-30,1.023330
8,2023-09-01,NULL
8,2023-09-05,-0.541441
8,2023-09-06,-0.094221
8,2023-09-07,0.314367
8,2023-09-08,0.052230
8,2023-09-11,-0.114847
8,2023-09-12,0.031358
8,2023-09-13,0.146290
8,2023-09-14,-0.135643
8,2023-09-15,-0.229861
8,2023-09-18,0.146612
8,2023-09-19,-0.292795
8,2023-09-20,-0.052438
8,2023-09-21,-0.682057
8,2023-09-22,0.422610
8,2023-09-25,-0.789058
8,2023-09-26,-0.127253
8,2023-09-27,-0.350393
8,2023-09-28,0.298348
8,2023-09-29,-0.095612
8,2023-10-02,-0.967673
8,2023-10-03,-0.783851
8,2023-10-04,0.703463
8,2023-10-05,0.064481
8,2023-10-06,-0.386639
8,2023-10-09,1.035040
8,2023-10-10,-0.096041
8,2023-10-11,0.459304
8,2023-10-12,-0.861244
8,2023-10-13,0.429000
8,2023-10-16,-0.555318
8,2023-10-17,-0.719502
8,2023-10-18,-0.465116
8,2023-10-19,-0.380352
8,2023-10-20,0.359987
8,2023-10-23,0.391304
8,2023-10-24,0.357298
8,2023-10-25,-0.744417
8,2023-10-26,0.673913
8,2023-10-27,-0.032390
8,2023-10-30,-0.237607
8,2023-10-31,-0.064956
8,2023-11-01,0.801647
8,2023-11-02,0.601827
8,2023-11-03,0.608909
8,2023-11-06,-0.499044
8,2023-11-07,0.533561
8,2023-11-08,0.339667
8,2023-11-09,-0.835714
8,2023-11-10,0.234692
8,2023-11-13,-0.010643
8,2023-11-14,1.255987
8,2023-11-15,-0.620204
8,2023-11-16,0.550032
8,2023-11-17,0.199874
8,2023-11-20,0.157480
8,2023-11-21,0.104822
8,2023-11-22,0.094241
8,2023-11-24,-0.460299
8,2023-11-27,0.567525
8,2023-11-28,0.438917
8,2023-11-29,0.489023
8,2023-11-30,-0.331332
8,2023-12-01,0.592146
8,2023-12-04,-0.382113
8,2023-12-05,0.663487
8,2023-12-06,0.257467
8,2023-12-07,0.030817
8,2023-12-08,-0.503183
8,2023-12-11,0.010321
8,2023-12-12,0.299278
8,2023-12-13,1.255273
8,2023-12-14,0.518240
8,2023-12-15,-0.232511
8,2023-12-18,-0.202655
8,2023-12-19,0.121840
8,2023-12-20,0.365075
8,2023-12-21,-0.010104
8,2023-12-22,-0.131366
8,2023-12-26,0.202368
8,2023-12-27,0.636171
8,2023-12-28,-0.220751
8,2023-12-29,-0.191070
8,2024-01-02,-0.473552
8,2024-01-03,0.050618
8,2024-01-04,-0.404735
8,2024-01-05,-0.233669
8,2024-01-08,0.376782
8,2024-01-09,-0.020290
8,2024-01-10,-0.192796
8,2024-01-11,0.569337
8,2024-01-12,0.181965
8,2024-01-16,-0.746720
8,2024-01-17,-0.274502
8,2024-01-18,-0.091752
8,2024-01-19,0.020408
8,2024-01-22,0.183636
8,2024-01-23,-0.244399
8,2024-01-24,-0.224581
8,2024-01-25,0.450174
8,2024-01-26,-0.112039
8,2024-01-29,0.397675
8,2024-01-30,0.192972
8,2024-01-31,0.456158
8,2024-02-01,0.272452
8,2024-02-02,-0.915769
8,2024-02-05,-0.822669
8,2024-02-06,0.522273
8,2024-02-07,-0.203749
8,2024-02-08,-0.306247
8,2024-02-09,-0.030719
8,2024-02-12,0.020486
8,2024-02-13,-0.921659
8,2024-02-14,0.444444
8,2024-02-15,0.236674
8,2024-02-16,-0.318242
8,2024-02-20,0.092688
8,2024-02-21,-0.298385
8,2024-02-22,0.082559
8,2024-02-23,0.371211
8,2024-02-26,-0.215739
8,2024-02-27,-0.133841
8,2024-02-28,0.195876
8,2024-02-29,0.164626
8,2024-03-01,0.184900
8,2024-03-04,-0.246078
8,2024-03-05,0.544763
8,2024-03-06,0.153343
8,2024-03-07,0.214351
8,2024-03-08,0.091668
8,2024-03-11,-0.111937
8,2024-03-12,-0.254686
8,2024-03-13,-0.183842
8,2024-03-14,-0.634401
8,2024-03-15,-0.010298
8,2024-03-18,-0.102987
8,2024-03-19,0.247423
8,2024-03-20,0.205677
8,2024-03-21,0.071839
8,2024-03-22,0.317916
8,2024-03-25,-0.184011
8,2024-03-26,0.102417
8,2024-03-27,0.327399
8,2024-03-28,-0.122374
8,2024-04-01,-1.021033
8,2024-04-02,-0.072210
8,2024-04-03,0.061939
8,2024-04-04,0.237285
8,2024-04-05,-0.494030
8,2024-04-08,-0.093091
8,2024-04-09,0.341650
8,2024-04-10,-1.196863
8,2024-04-11,0.020886
8,2024-04-12,0.187931
8,2024-04-15,-0.604419
8,2024-04-16,-0.283078
8,2024-04-17,0.462622
8,2024-04-18,-0.282575
8,2024-04-19,0.104954
8,2024-04-22,0.062906
8,2024-04-23,0.209556
8,2024-04-24,-0.261397
8,2024-04-25,-0.283049
8,2024-04-26,0.220774
8,2024-04-29,0.304206
8,2024-04-30,-0.407864
8,2024-05-01,0.042004
8,2024-05-02,0.451349
8,2024-05-03,0.512017
8,2024-05-06,0.072773
8,2024-05-07,0.207771
8,2024-05-08,-0.207340
8,2024-05-09,0.186994
8,2024-05-10,-0.207383
8,2024-05-13,0.051953
8,2024-05-14,0.270018
8,2024-05-15,0.662869
8,2024-05-16,-0.113180
8,2024-05-17,-0.319324
8,2024-05-20,-0.093004
8,2024-05-21,0.186181
8,2024-05-22,-0.123890
8,2024-05-23,-0.279099
8,2024-05-24,0.114025
8,2024-05-28,-0.465935
8,2024-05-29,-0.384895
8,2024-05-30,0.469925
8,2024-05-31,0.322212
8,2024-06-03,0.290095
8,2024-06-04,0.361570
8,2024-06-05,0.308801
8,2024-06-06,0.030785
8,2024-06-07,-0.882232
8,2024-06-10,-0.082799
8,2024-06-11,0.341827
8,2024-06-12,0.474863
8,2024-06-13,0.503442
8,2024-06-14,0.102229
8,2024-06-17,-0.357435
8,2024-06-18,0.358717
8,2024-06-20,-0.173611
8,2024-06-21,0.010230
8,2024-06-24,0.081833
8,2024-06-25,-0.010221
8,2024-06-26,-0.449760
8,2024-06-27,0.164288
8,2024-06-28,-0.492055
8,2024-07-01,-0.844751
8,2024-07-02,0.332468
8,2024-07-03,0.538470
8,2024-07-05,0.504686
8,2024-07-08,0.030744
8,2024-07-09,-0.092204
8,2024-07-10,0.102543
8,2024-07-11,0.512190
8,2024-07-12,0.275173
8,2024-07-15,-0.345564
8,2024-07-16,0.407955
8,2024-07-17,0.071102
8,2024-07-18,-0.274056
8,2024-07-19,-0.203562
8,2024-07-22,-0.040796
8,2024-07-23,-0.010203
8,2024-07-24,-0.306122
8,2024-07-25,0.276356
8,2024-07-26,0.357252
8,2024-07-29,0.162734
8,2024-07-30,0.101543
8,2024-07-31,0.537634
8,2024-08-01,0.110988
8,2024-08-02,1.118726
8,2024-08-05,-0.079737
8,2024-08-06,-0.598504
8,2024-08-07,-0.301054
8,2024-08-08,-0.150981
8,2024-08-09,0.352823
8,2024-08-12,0.170768
8,2024-08-13,0.401123
8,2024-08-14,0.179784
8,2024-08-15,-0.418744
8,2024-08-16,0.240288
8,2024-08-19,0.109868
8,2024-08-20,0.299312
8,2024-08-21,0.188998
8,2024-08-22,-0.407069
8,2024-08-23,0.458578
8,2024-08-26,-0.089312
8,2024-08-27,0.029797
8,2024-08-28,-0.089366
8,2024-08-29,-0.129199
8,2024-08-30,-0.238830
9,2023-09-01,NULL
9,2023-09-05,-0.816168
9,2023-09-06,-0.453426
9,2023-09-07,0.106844
9,2023-09-08,0.033704
9,2023-09-11,0.185310
9,2023-09-12,-0.515666
9,2023-09-13,-0.230999
9,2023-09-14,0.050824
9,2023-09-15,0.660383
9,2023-09-18,0.588763
9,2023-09-19,-0.094766
9,2023-09-20,0.072537
9,2023-09-21,-0.724840
9,2023-09-22,0.320135
9,2023-09-25,-0.515060
9,2023-09-26,-0.799100
9,2023-09-27,-1.236669
9,2023-09-28,-0.499713
9,2023-09-29,-1.027536
9,2023-10-02,-1.049869
9,2023-10-03,-0.288830
9,2023-10-04,-0.011823
9,2023-10-05,-0.183280
9,2023-10-06,0.515311
9,2023-10-09,1.838539
9,2023-10-10,-0.167805
9,2023-10-11,0.730308
9,2023-10-12,-0.304966
9,2023-10-13,3.214822
9,2023-10-16,-0.486496
9,2023-10-17,0.185435
9,2023-10-18,1.447081
9,2023-10-19,1.227401
9,2023-10-20,0.273090
9,2023-10-23,-0.337709
9,2023-10-24,-0.010931
9,2023-10-25,0.420880
9,2023-10-26,0.157849
9,2023-10-27,1.162980
9,2023-10-30,-0.564061
9,2023-10-31,-0.545651
9,2023-11-01,-0.315063
9,2023-11-02,0.332407
9,2023-11-03,0.363893
9,2023-11-06,-0.779263
9,2023-11-07,-0.414508
9,2023-11-08,-0.996769
9,2023-11-09,0.398296
9,2023-11-10,-1.090969
9,2023-11-13,0.557072
9,2023-11-14,0.891917
9,2023-11-15,-0.263562
9,2023-11-16,1.128606
9,2023-11-17,-0.010888
9,2023-11-20,-0.163336
9,2023-11-21,1.079784
9,2023-11-22,-0.426221
9,2023-11-24,0.520156
9,2023-11-27,0.673782
9,2023-11-28,1.333191
9,2023-11-29,0.147945
9,2023-11-30,-0.416799
9,2023-12-01,1.727152
9,2023-12-04,-2.161346
9,2023-12-05,-0.377941
9,2023-12-06,0.368688
9,2023-12-07,0.165034
9,2023-12-08,-1.334042
9,2023-12-11,-1.104288
9,2023-12-12,-0.054469
9,2023-12-13,2.256254
9,2023-12-14,0.586260
9,2023-12-15,-0.916653
9,2023-12-18,0.454545
9,2023-12-19,0.681395
9,2023-12-20,-0.544599
9,2023-12-21,0.707071
9,2023-12-22,0.443436
9,2023-12-26,0.762075
9,2023-12-27,0.453787
9,2023-12-28,-0.581546
9,2023-12-29,-0.156683
9,2024-01-02,-0.235393
9,2024-01-03,-0.833683
9,2024-01-04,0.100460
9,2024-01-05,0.015846
9,2024-01-08,-0.781621
9,2024-01-09,0.031937
9,2024-01-10,-0.228809
9,2024-01-11,0.197333
9,2024-01-12,0.979401
9,2024-01-16,-0.948817
9,2024-01-17,-1.101591
9,2024-01-18,0.823289
9,2024-01-19,0.298874
9,2024-01-22,-0.377800
9,2024-01-23,0.389916
9,2024-01-24,-0.824687
9,2024-01-25,0.396996
9,2024-01-26,-0.069467
9,2024-01-29,0.705845
9,2024-01-30,0.138056
9,2024-01-31,-0.074235
9,2024-02-01,1.040064
9,2024-02-02,-0.945329
9,2024-02-05,-0.551402
9,2024-02-06,0.522472
9,2024-02-07,-0.026518
9,2024-02-08,-0.090186
9,2024-02-09,-0.387617
9,2024-02-12,-0.261194
9,2024-02-13,-1.378868
9,2024-02-14,-0.059611
9,2024-02-15,0.672378
9,2024-02-16,0.366261
9,2024-02-20,0.606418
9,2024-02-21,0.005334
9,2024-02-22,0.042671
9,2024-02-23,0.565152
9,2024-02-26,-0.222670
9,2024-02-27,-0.106270
9,2024-02-28,0.180851
9,2024-02-29,0.515026
9,2024-03-01,1.891078
9,2024-03-04,1.617502
9,2024-03-05,0.602010
9,2024-03-06,0.821543
9,2024-03-07,0.568382
9,2024-03-08,0.845254
9,2024-03-11,0.183504
9,2024-03-12,-1.094059
9,2024-03-13,0.700736
9,2024-03-14,-0.417516
9,2024-03-15,-0.319441
9,2024-03-18,0.160232
9,2024-03-19,-0.114983
9,2024-03-20,1.191191
9,2024-03-21,-0.103868
9,2024-03-22,-0.802099
9,2024-03-25,0.319441
9,2024-03-26,0.323399
9,2024-03-27,0.724063
9,2024-03-28,1.290005
9,2024-04-01,1.020805
9,2024-04-02,1.477240
9,2024-04-03,0.877235
9,2024-04-04,-0.573470
9,2024-04-05,1.711422
9,2024-04-08,0.622850
9,2024-04-09,0.549704
9,2024-04-10,-0.946387
9,2024-04-11,1.943324
9,2024-04-12,-1.323931
9,2024-04-15,1.871917
9,2024-04-16,0.122200
9,2024-04-17,-0.736823
9,2024-04-18,0.341546
9,2024-04-19,0.313152
9,2024-04-22,-2.470253
9,2024-04-23,-0.245860
9,2024-04-24,-0.186012
9,2024-04-25,0.596347
9,2024-04-26,0.324194
9,2024-04-29,-0.203121
9,2024-04-30,-1.993709
9,2024-05-01,0.906216
9,2024-05-02,-0.308714
9,2024-05-03,-0.079764
9,2024-05-06,1.051841
9,2024-05-07,-0.460037
9,2024-05-08,-0.294104
9,2024-05-09,1.577863
9,2024-05-10,0.811247
9,2024-05-13,-1.120205
9,2024-05-14,0.846204
9,2024-05-15,1.283874
9,2024-05-16,-0.389334
9,2024-05-17,1.649775
9,2024-05-20,0.402396
9,2024-05-21,-0.146954
9,2024-05-22,-1.837399
9,2024-05-23,-1.994457
9,2024-05-24,0.092713
9,2024-05-28,1.051315
9,2024-05-29,-0.930382
9,2024-05-30,0.189674
9,2024-05-31,-0.586415
9,2024-06-03,0.891779
9,2024-06-04,-0.897707
9,2024-06-05,1.184559
9,2024-06-06,0.739142
9,2024-06-07,-3.568336
9,2024-06-10,0.916824
9,2024-06-11,0.285661
9,2024-06-12,0.266169
9,2024-06-13,-0.815015
9,2024-06-14,1.295957
9,2024-06-17,-0.519167
9,2024-06-18,0.400727
9,2024-06-20,1.248434
9,2024-06-21,-1.549322
9,2024-06-24,0.395754
9,2024-06-25,-0.496220
9,2024-06-26,-0.922819
9,2024-06-27,1.133691
9,2024-06-28,0.009303
9,2024-07-01,0.260453
9,2024-07-02,-0.004639
9,2024-07-03,1.127296
9,2024-07-05,1.348686
9,2024-07-08,-1.240212
9,2024-07-09,0.169577
9,2024-07-10,0.366032
9,2024-07-11,1.773341
9,2024-07-12,-0.062710
9,2024-07-15,0.322711
9,2024-07-16,1.992584
9,2024-07-17,-0.464322
9,2024-07-18,-0.638120
9,2024-07-19,-1.793782
9,2024-07-22,0.031570
9,2024-07-23,0.351668
9,2024-07-24,-0.350436
9,2024-07-25,-1.564472
9,2024-07-26,1.053451
9,2024-07-29,-0.140507
9,2024-07-30,0.998548
9,2024-07-31,1.811073
9,2024-08-01,-0.344295
9,2024-08-02,-0.190459
9,2024-08-05,-1.269193
9,2024-08-06,-0.800072
9,2024-08-07,-0.067966
9,2024-08-08,1.568805
9,2024-08-09,0.245525
9,2024-08-12,1.714464
9,2024-08-13,-0.153233
9,2024-08-14,-0.815575
9,2024-08-15,0.313882
9,2024-08-16,2.238773
9,2024-08-19,-0.163800
9,2024-08-20,0.366996
9,2024-08-21,-0.133356
9,2024-08-22,-1.197502
9,2024-08-23,1.155339
9,2024-08-26,0.318938
9,2024-08-27,0.270665
9,2024-08-28,-0.702686
9,2024-08-29,0.517799
9,2024-08-30,-0.712599
